suite,bytes,workers,sample,packets,seconds,ns_per_packet,payload_gbps
Aes256Gcm,64,1,0,100000,0.017049,170.5,3.003
Aes256Gcm,1420,1,0,100000,0.075918,759.2,14.963
ChaCha20Poly1305,64,1,0,100000,0.053176,531.8,0.963
ChaCha20Poly1305,1420,1,0,100000,0.268719,2687.2,4.227
ChaCha20Poly1305,64,1,1,100000,0.053310,533.1,0.960
ChaCha20Poly1305,1420,1,1,100000,0.269852,2698.5,4.210
Aes256Gcm,64,1,1,100000,0.017077,170.8,2.998
Aes256Gcm,1420,1,1,100000,0.075856,758.6,14.976
Aes256Gcm,64,1,2,100000,0.017032,170.3,3.006
Aes256Gcm,1420,1,2,100000,0.076183,761.8,14.911
ChaCha20Poly1305,64,1,2,100000,0.053333,533.3,0.960
ChaCha20Poly1305,1420,1,2,100000,0.269496,2695.0,4.215
ChaCha20Poly1305,64,1,3,100000,0.053141,531.4,0.963
ChaCha20Poly1305,1420,1,3,100000,0.269261,2692.6,4.219
Aes256Gcm,64,1,3,100000,0.016959,169.6,3.019
Aes256Gcm,1420,1,3,100000,0.075961,759.6,14.955
Aes256Gcm,64,1,4,100000,0.017004,170.0,3.011
Aes256Gcm,1420,1,4,100000,0.075644,756.4,15.018
ChaCha20Poly1305,64,1,4,100000,0.053234,532.3,0.962
ChaCha20Poly1305,1420,1,4,100000,0.269600,2696.0,4.214
Aes256Gcm,64,2,0,200000,0.017017,85.1,6.018
Aes256Gcm,1420,2,0,200000,0.076238,381.2,29.801
ChaCha20Poly1305,64,2,0,200000,0.053130,265.6,1.927
ChaCha20Poly1305,1420,2,0,200000,0.268323,1341.6,8.467
ChaCha20Poly1305,64,2,1,200000,0.053326,266.6,1.920
ChaCha20Poly1305,1420,2,1,200000,0.268037,1340.2,8.476
Aes256Gcm,64,2,1,200000,0.016978,84.9,6.031
Aes256Gcm,1420,2,1,200000,0.075632,378.2,30.040
Aes256Gcm,64,2,2,200000,0.017055,85.3,6.004
Aes256Gcm,1420,2,2,200000,0.075704,378.5,30.012
ChaCha20Poly1305,64,2,2,200000,0.052921,264.6,1.935
ChaCha20Poly1305,1420,2,2,200000,0.267923,1339.6,8.480
ChaCha20Poly1305,64,2,3,200000,0.053129,265.6,1.927
ChaCha20Poly1305,1420,2,3,200000,0.268536,1342.7,8.461
Aes256Gcm,64,2,3,200000,0.016974,84.9,6.033
Aes256Gcm,1420,2,3,200000,0.075597,378.0,30.054
Aes256Gcm,64,2,4,200000,0.016994,85.0,6.026
Aes256Gcm,1420,2,4,200000,0.075543,377.7,30.075
ChaCha20Poly1305,64,2,4,200000,0.053088,265.4,1.929
ChaCha20Poly1305,1420,2,4,200000,0.269076,1345.4,8.444
Aes256Gcm,64,3,0,300000,0.017011,56.7,9.030
Aes256Gcm,1420,3,0,300000,0.075529,251.8,45.122
ChaCha20Poly1305,64,3,0,300000,0.053130,177.1,2.891
ChaCha20Poly1305,1420,3,0,300000,0.268104,893.7,12.711
ChaCha20Poly1305,64,3,1,300000,0.053084,176.9,2.894
ChaCha20Poly1305,1420,3,1,300000,0.267630,892.1,12.734
Aes256Gcm,64,3,1,300000,0.017065,56.9,9.001
Aes256Gcm,1420,3,1,300000,0.075483,251.6,45.149
Aes256Gcm,64,3,2,300000,0.017132,57.1,8.966
Aes256Gcm,1420,3,2,300000,0.075770,252.6,44.978
ChaCha20Poly1305,64,3,2,300000,0.053122,177.1,2.891
ChaCha20Poly1305,1420,3,2,300000,0.267860,892.9,12.723
ChaCha20Poly1305,64,3,3,300000,0.053099,177.0,2.893
ChaCha20Poly1305,1420,3,3,300000,0.270874,902.9,12.582
Aes256Gcm,64,3,3,300000,0.017012,56.7,9.029
Aes256Gcm,1420,3,3,300000,0.075804,252.7,44.958
Aes256Gcm,64,3,4,300000,0.017004,56.7,9.033
Aes256Gcm,1420,3,4,300000,0.076181,253.9,44.736
ChaCha20Poly1305,64,3,4,300000,0.053095,177.0,2.893
ChaCha20Poly1305,1420,3,4,300000,0.268830,896.1,12.677
Aes256Gcm,64,4,0,400000,0.017070,42.7,11.997
Aes256Gcm,1420,4,0,400000,0.075649,189.1,60.067
ChaCha20Poly1305,64,4,0,400000,0.053236,133.1,3.847
ChaCha20Poly1305,1420,4,0,400000,0.268765,671.9,16.907
ChaCha20Poly1305,64,4,1,400000,0.053760,134.4,3.810
ChaCha20Poly1305,1420,4,1,400000,0.268738,671.8,16.909
Aes256Gcm,64,4,1,400000,0.017173,42.9,11.926
Aes256Gcm,1420,4,1,400000,0.075672,189.2,60.048
Aes256Gcm,64,4,2,400000,0.017129,42.8,11.956
Aes256Gcm,1420,4,2,400000,0.075956,189.9,59.824
ChaCha20Poly1305,64,4,2,400000,0.053182,133.0,3.851
ChaCha20Poly1305,1420,4,2,400000,0.268709,671.8,16.910
ChaCha20Poly1305,64,4,3,400000,0.053204,133.0,3.849
ChaCha20Poly1305,1420,4,3,400000,0.268495,671.2,16.924
Aes256Gcm,64,4,3,400000,0.017121,42.8,11.962
Aes256Gcm,1420,4,3,400000,0.075819,189.5,59.932
Aes256Gcm,64,4,4,400000,0.017171,42.9,11.927
Aes256Gcm,1420,4,4,400000,0.075761,189.4,59.978
ChaCha20Poly1305,64,4,4,400000,0.053272,133.2,3.844
ChaCha20Poly1305,1420,4,4,400000,0.268477,671.2,16.925
Aes256Gcm,64,5,0,500000,0.017014,34.0,15.046
Aes256Gcm,1420,5,0,500000,0.075746,151.5,74.987
ChaCha20Poly1305,64,5,0,500000,0.053379,106.8,4.796
ChaCha20Poly1305,1420,5,0,500000,0.268309,536.6,21.170
ChaCha20Poly1305,64,5,1,500000,0.052937,105.9,4.836
ChaCha20Poly1305,1420,5,1,500000,0.267816,535.6,21.209
Aes256Gcm,64,5,1,500000,0.017218,34.4,14.868
Aes256Gcm,1420,5,1,500000,0.075418,150.8,75.314
Aes256Gcm,64,5,2,500000,0.017094,34.2,14.976
Aes256Gcm,1420,5,2,500000,0.075561,151.1,75.171
ChaCha20Poly1305,64,5,2,500000,0.053103,106.2,4.821
ChaCha20Poly1305,1420,5,2,500000,0.268077,536.2,21.188
ChaCha20Poly1305,64,5,3,500000,0.053388,106.8,4.795
ChaCha20Poly1305,1420,5,3,500000,0.268169,536.3,21.181
Aes256Gcm,64,5,3,500000,0.017048,34.1,15.017
Aes256Gcm,1420,5,3,500000,0.075876,151.8,74.859
Aes256Gcm,64,5,4,500000,0.017091,34.2,14.978
Aes256Gcm,1420,5,4,500000,0.075623,151.2,75.109
ChaCha20Poly1305,64,5,4,500000,0.052973,105.9,4.833
ChaCha20Poly1305,1420,5,4,500000,0.268129,536.3,21.184
Aes256Gcm,64,6,0,600000,0.017230,28.7,17.829
Aes256Gcm,1420,6,0,600000,0.075785,126.3,89.939
ChaCha20Poly1305,64,6,0,600000,0.053238,88.7,5.770
ChaCha20Poly1305,1420,6,0,600000,0.267940,446.6,25.439
ChaCha20Poly1305,64,6,1,600000,0.053072,88.5,5.788
ChaCha20Poly1305,1420,6,1,600000,0.268944,448.2,25.344
Aes256Gcm,64,6,1,600000,0.016998,28.3,18.073
Aes256Gcm,1420,6,1,600000,0.075940,126.6,89.755
Aes256Gcm,64,6,2,600000,0.017011,28.4,18.059
Aes256Gcm,1420,6,2,600000,0.075752,126.3,89.977
ChaCha20Poly1305,64,6,2,600000,0.053041,88.4,5.792
ChaCha20Poly1305,1420,6,2,600000,0.267698,446.2,25.462
ChaCha20Poly1305,64,6,3,600000,0.053608,89.3,5.730
ChaCha20Poly1305,1420,6,3,600000,0.268436,447.4,25.391
Aes256Gcm,64,6,3,600000,0.017716,29.5,17.340
Aes256Gcm,1420,6,3,600000,0.076822,128.0,88.724
Aes256Gcm,64,6,4,600000,0.017121,28.5,17.943
Aes256Gcm,1420,6,4,600000,0.078378,130.6,86.963
ChaCha20Poly1305,64,6,4,600000,0.053042,88.4,5.792
ChaCha20Poly1305,1420,6,4,600000,0.267670,446.1,25.464
Aes256Gcm,64,7,0,700000,0.017238,24.6,20.791
Aes256Gcm,1420,7,0,700000,0.075684,108.1,105.068
ChaCha20Poly1305,64,7,0,700000,0.053271,76.1,6.728
ChaCha20Poly1305,1420,7,0,700000,0.267852,382.6,29.688
ChaCha20Poly1305,64,7,1,700000,0.053524,76.5,6.696
ChaCha20Poly1305,1420,7,1,700000,0.269151,384.5,29.545
Aes256Gcm,64,7,1,700000,0.017225,24.6,20.807
Aes256Gcm,1420,7,1,700000,0.075702,108.1,105.043
Aes256Gcm,64,7,2,700000,0.017142,24.5,20.907
Aes256Gcm,1420,7,2,700000,0.075799,108.3,104.909
ChaCha20Poly1305,64,7,2,700000,0.053472,76.4,6.703
ChaCha20Poly1305,1420,7,2,700000,0.268587,383.7,29.607
ChaCha20Poly1305,64,7,3,700000,0.053219,76.0,6.734
ChaCha20Poly1305,1420,7,3,700000,0.268499,383.6,29.616
Aes256Gcm,64,7,3,700000,0.017162,24.5,20.884
Aes256Gcm,1420,7,3,700000,0.076113,108.7,104.476
Aes256Gcm,64,7,4,700000,0.017043,24.3,21.029
Aes256Gcm,1420,7,4,700000,0.076019,108.6,104.606
ChaCha20Poly1305,64,7,4,700000,0.052980,75.7,6.765
ChaCha20Poly1305,1420,7,4,700000,0.270611,386.6,29.385
Aes256Gcm,64,8,0,800000,0.018032,22.5,22.715
Aes256Gcm,1420,8,0,800000,0.088251,110.3,102.979
ChaCha20Poly1305,64,8,0,800000,0.055105,68.9,7.433
ChaCha20Poly1305,1420,8,0,800000,0.276392,345.5,32.881
ChaCha20Poly1305,64,8,1,800000,0.054860,68.6,7.466
ChaCha20Poly1305,1420,8,1,800000,0.276690,345.9,32.845
Aes256Gcm,64,8,1,800000,0.017774,22.2,23.044
Aes256Gcm,1420,8,1,800000,0.080405,100.5,113.027
Aes256Gcm,64,8,2,800000,0.017390,21.7,23.553
Aes256Gcm,1420,8,2,800000,0.079602,99.5,114.167
ChaCha20Poly1305,64,8,2,800000,0.055237,69.0,7.415
ChaCha20Poly1305,1420,8,2,800000,0.277615,347.0,32.736
ChaCha20Poly1305,64,8,3,800000,0.053739,67.2,7.622
ChaCha20Poly1305,1420,8,3,800000,0.273719,342.1,33.202
Aes256Gcm,64,8,3,800000,0.018176,22.7,22.536
Aes256Gcm,1420,8,3,800000,0.077312,96.6,117.549
Aes256Gcm,64,8,4,800000,0.018010,22.5,22.743
Aes256Gcm,1420,8,4,800000,0.078373,98.0,115.958
ChaCha20Poly1305,64,8,4,800000,0.054061,67.6,7.577
ChaCha20Poly1305,1420,8,4,800000,0.275255,344.1,33.017
Aes256Gcm,64,9,0,900000,0.021551,23.9,21.382
Aes256Gcm,1420,9,0,900000,0.087293,97.0,117.123
ChaCha20Poly1305,64,9,0,900000,0.063341,70.4,7.275
ChaCha20Poly1305,1420,9,0,900000,0.295376,328.2,34.614
ChaCha20Poly1305,64,9,1,900000,0.062492,69.4,7.374
ChaCha20Poly1305,1420,9,1,900000,0.361687,401.9,28.268
Aes256Gcm,64,9,1,900000,0.022708,25.2,20.293
Aes256Gcm,1420,9,1,900000,0.094990,105.5,107.633
Aes256Gcm,64,9,2,900000,0.021360,23.7,21.573
Aes256Gcm,1420,9,2,900000,0.093079,103.4,109.842
ChaCha20Poly1305,64,9,2,900000,0.059137,65.7,7.792
ChaCha20Poly1305,1420,9,2,900000,0.299969,333.3,34.084
ChaCha20Poly1305,64,9,3,900000,0.057490,63.9,8.015
ChaCha20Poly1305,1420,9,3,900000,0.355066,394.5,28.795
Aes256Gcm,64,9,3,900000,0.022183,24.6,20.772
Aes256Gcm,1420,9,3,900000,0.104355,116.0,97.973
Aes256Gcm,64,9,4,900000,0.020488,22.8,22.491
Aes256Gcm,1420,9,4,900000,0.090478,100.5,113.000
ChaCha20Poly1305,64,9,4,900000,0.058184,64.6,7.920
ChaCha20Poly1305,1420,9,4,900000,0.299190,332.4,34.172
Aes256Gcm,64,10,0,1000000,0.024818,24.8,20.630
Aes256Gcm,1420,10,0,1000000,0.092500,92.5,122.811
ChaCha20Poly1305,64,10,0,1000000,0.059430,59.4,8.615
ChaCha20Poly1305,1420,10,0,1000000,0.318496,318.5,35.668
ChaCha20Poly1305,64,10,1,1000000,0.060687,60.7,8.437
ChaCha20Poly1305,1420,10,1,1000000,0.307499,307.5,36.943
Aes256Gcm,64,10,1,1000000,0.022305,22.3,22.954
Aes256Gcm,1420,10,1,1000000,0.093702,93.7,121.235
Aes256Gcm,64,10,2,1000000,0.021154,21.2,24.203
Aes256Gcm,1420,10,2,1000000,0.093705,93.7,121.232
ChaCha20Poly1305,64,10,2,1000000,0.064408,64.4,7.949
ChaCha20Poly1305,1420,10,2,1000000,0.310828,310.8,36.548
ChaCha20Poly1305,64,10,3,1000000,0.059573,59.6,8.594
ChaCha20Poly1305,1420,10,3,1000000,0.307976,308.0,36.886
Aes256Gcm,64,10,3,1000000,0.021323,21.3,24.011
Aes256Gcm,1420,10,3,1000000,0.095264,95.3,119.247
Aes256Gcm,64,10,4,1000000,0.021062,21.1,24.309
Aes256Gcm,1420,10,4,1000000,0.090808,90.8,125.099
ChaCha20Poly1305,64,10,4,1000000,0.060888,60.9,8.409
ChaCha20Poly1305,1420,10,4,1000000,0.323574,323.6,35.108
Aes256Gcm,64,11,0,1100000,0.024660,22.4,22.839
Aes256Gcm,1420,11,0,1100000,0.095734,87.0,130.528
ChaCha20Poly1305,64,11,0,1100000,0.065174,59.2,8.642
ChaCha20Poly1305,1420,11,0,1100000,0.324233,294.8,38.540
ChaCha20Poly1305,64,11,1,1100000,0.061375,55.8,9.176
ChaCha20Poly1305,1420,11,1,1100000,0.344204,312.9,36.304
Aes256Gcm,64,11,1,1100000,0.026075,23.7,21.599
Aes256Gcm,1420,11,1,1100000,0.108288,98.4,115.396
Aes256Gcm,64,11,2,1100000,0.023535,21.4,23.931
Aes256Gcm,1420,11,2,1100000,0.103971,94.5,120.188
ChaCha20Poly1305,64,11,2,1100000,0.062724,57.0,8.979
ChaCha20Poly1305,1420,11,2,1100000,0.323862,294.4,38.584
ChaCha20Poly1305,64,11,3,1100000,0.062690,57.0,8.984
ChaCha20Poly1305,1420,11,3,1100000,0.344688,313.4,36.253
Aes256Gcm,64,11,3,1100000,0.025548,23.2,22.045
Aes256Gcm,1420,11,3,1100000,0.099241,90.2,125.915
Aes256Gcm,64,11,4,1100000,0.021361,19.4,26.365
Aes256Gcm,1420,11,4,1100000,0.096625,87.8,129.324
ChaCha20Poly1305,64,11,4,1100000,0.063477,57.7,8.873
ChaCha20Poly1305,1420,11,4,1100000,0.317519,288.7,39.355
Aes256Gcm,64,12,0,1200000,0.024186,20.2,25.403
Aes256Gcm,1420,12,0,1200000,0.100476,83.7,135.674
ChaCha20Poly1305,64,12,0,1200000,0.068168,56.8,9.013
ChaCha20Poly1305,1420,12,0,1200000,0.353692,294.7,38.542
ChaCha20Poly1305,64,12,1,1200000,0.069286,57.7,8.868
ChaCha20Poly1305,1420,12,1,1200000,0.389527,324.6,34.996
Aes256Gcm,64,12,1,1200000,0.028586,23.8,21.493
Aes256Gcm,1420,12,1,1200000,0.107449,89.5,126.870
Aes256Gcm,64,12,2,1200000,0.025833,21.5,23.784
Aes256Gcm,1420,12,2,1200000,0.105805,88.2,128.841
ChaCha20Poly1305,64,12,2,1200000,0.068502,57.1,8.969
ChaCha20Poly1305,1420,12,2,1200000,0.345315,287.8,39.477
ChaCha20Poly1305,64,12,3,1200000,0.069939,58.3,8.785
ChaCha20Poly1305,1420,12,3,1200000,0.355277,296.1,38.370
Aes256Gcm,64,12,3,1200000,0.024647,20.5,24.928
Aes256Gcm,1420,12,3,1200000,0.116461,97.1,117.052
Aes256Gcm,64,12,4,1200000,0.024910,20.8,24.665
Aes256Gcm,1420,12,4,1200000,0.108321,90.3,125.848
ChaCha20Poly1305,64,12,4,1200000,0.074606,62.2,8.235
ChaCha20Poly1305,1420,12,4,1200000,0.361024,300.9,37.759
