mode,direction,sample,receiver_bits_per_second,warmup_seconds,measurement_seconds,utun_pending_packets,batch_capacity,io_metrics
split,send,0,2024791088.8670752,1,5,1024,128,True
split,receive,0,2514235668.1500616,1,5,1024,128,True
baseline-bidir,send,0,1103741338.4931734,2,10,1024,128,True
baseline-bidir,receive,0,1176169443.4442232,2,10,1024,128,True
duplex-bidir,send,0,1112581080.3067276,2,10,1024,128,True
duplex-bidir,receive,0,1176546627.8078685,2,10,1024,128,True
split,send,1,2018938955.7848516,1,5,1024,128,True
split,receive,1,2541934282.346055,1,5,1024,128,True
baseline-bidir,send,1,1808919265.3907974,2,10,1024,128,True
baseline-bidir,receive,1,403076679.87792623,2,10,1024,128,True
duplex-bidir,send,1,1121268868.6357872,2,10,1024,128,True
duplex-bidir,receive,1,1174812606.7447996,2,10,1024,128,True
split,send,2,1976208777.0431564,1,5,1024,128,True
split,receive,2,2553244532.038475,1,5,1024,128,True
baseline-bidir,send,2,1124778230.3681147,2,10,1024,128,True
baseline-bidir,receive,2,1200721477.4805381,2,10,1024,128,True
duplex-bidir,send,2,1115181052.1061473,2,10,1024,128,True
duplex-bidir,receive,2,1183967528.15187,2,10,1024,128,True
