build,case,worker,stage,calls,samples,sampled_cpu_ns,sampled_wall_ns
profile,tunnel-udp3g,peer-0-tx,utun-read,104545,1634,10500810,10266492
profile,tunnel-udp3g,peer-0-tx,udp-write,98393,1538,45807617,45919987
profile,tunnel-udp3g,peer-0-tx,encrypt-batch,104545,1634,6166947,5906492
profile,tunnel-udp3g,peer-0-tx,receive-setup,104545,1634,806866,513574
profile,tunnel-udp3g,peer-0-tx,send-setup,98393,1538,333366,78327
profile,tunnel-udp3g,peer-0-rx,udp-read,43391,678,2236667,2199560
profile,tunnel-udp3g,peer-0-rx,utun-write,28900,452,1589125,1725045
profile,tunnel-udp3g,peer-0-rx,receive-setup,43391,678,453753,338947
profile,tunnel-udp3g,peer-0-rx,send-setup,28900,452,117412,31624
profile,tunnel-udp3g,peer-0-tx,utun-read,112226,1754,11813557,11551003
profile,tunnel-udp3g,peer-0-tx,udp-write,112214,1754,56798219,56772298
profile,tunnel-udp3g,peer-0-tx,encrypt-batch,112226,1754,7214525,6925290
profile,tunnel-udp3g,peer-0-tx,receive-setup,112226,1754,850598,540090
profile,tunnel-udp3g,peer-0-tx,send-setup,112214,1754,375288,93105
profile,tunnel-tcp1,peer-0-rx,udp-read,90981,1422,4617736,4553907
profile,tunnel-tcp1,peer-0-rx,utun-write,61063,955,3294592,3552964
profile,tunnel-tcp1,peer-0-rx,receive-setup,90981,1422,901652,591916
profile,tunnel-tcp1,peer-0-rx,send-setup,61063,955,230751,55297
profile,tunnel-tcp1,peer-0-tx,utun-read,80936,1265,8637211,8507494
profile,tunnel-tcp1,peer-0-tx,udp-write,67365,1053,33841267,34043790
profile,tunnel-tcp1,peer-0-tx,encrypt-batch,80938,1265,4764877,4553102
profile,tunnel-tcp1,peer-0-tx,receive-setup,80936,1265,662016,456745
profile,tunnel-tcp1,peer-0-tx,send-setup,67365,1053,249237,63612
profile,tunnel-tcp1,peer-0-rx,udp-read,98072,1533,5022379,4939076
profile,tunnel-tcp1,peer-0-rx,utun-write,65790,1028,3688606,3908602
profile,tunnel-tcp1,peer-0-rx,receive-setup,98072,1533,944886,674184
profile,tunnel-tcp1,peer-0-rx,send-setup,65790,1028,259205,52353
profile,tunnel-tcp1,peer-0-tx,utun-read,83452,1304,9018308,8882757
profile,tunnel-tcp1,peer-0-tx,udp-write,70128,1096,36572158,36764252
profile,tunnel-tcp1,peer-0-tx,encrypt-batch,83452,1304,5054149,4866989
profile,tunnel-tcp1,peer-0-tx,receive-setup,83452,1304,678003,444453
profile,tunnel-tcp1,peer-0-tx,send-setup,70128,1096,254828,67298
