variant,direction,sample,received_bytes,seconds,received_bits_per_second,sender_retransmits
before,send,0,660209664,4.991343,1058167573.7371686,0
before,send,1,637665280,4.996712,1020935815.392202,3
before,send,2,627310592,4.996859,1004327865.9653995,0
before,receive,0,1434058752,5.001354,2293872822.4396834,
before,receive,1,1528954880,5.002347,2445180040.488994,
before,receive,2,1439432704,5.000074,2303058241.1380315,
after,send,0,803864576,4.993212,1287931817.835894,0
after,send,1,802947072,4.983092,1289074449.3579488,0
after,send,2,769916928,4.984493,1235699483.1771257,0
after,receive,0,1558446080,5.003029,2492004071.933223,
after,receive,1,1614807040,4.999233,2584087663.0475116,
after,receive,2,1507590144,4.999622,2412326602.291133,
