build,case,thread_role_by_creation_order,elapsed_seconds,system_cpu_seconds,user_cpu_seconds,one_core_percent
bottleneck,tunnel-udp3g,main,12.10764587498852,0.0,0.0,0.0
bottleneck,tunnel-udp3g,tx,12.10764587498852,10.36999999999999,1.5500000000000007,98.45018695685376
bottleneck,tunnel-udp3g,rx,12.10764587498852,0.0,0.0,0.0
bottleneck,tunnel-tcp1,main,12.091518166998867,0.0,0.0,0.0
bottleneck,tunnel-tcp1,tx,12.091518166998867,7.340000000000003,1.2699999999999996,71.20693928657445
bottleneck,tunnel-tcp1,rx,12.091518166998867,1.870000000000001,0.7799999999999994,21.916189211315015
bottleneck,lan-tcp1,main,12.08914445899427,0.0,0.0,0.0
bottleneck,lan-tcp1,tx,12.08914445899427,0.0,0.00999999999999801,0.08271883948378213
bottleneck,lan-tcp1,rx,12.08914445899427,0.0,0.0,0.0
bottleneck,tunnel-tcp4,main,12.085567083006026,0.0,0.0,0.0
bottleneck,tunnel-tcp4,tx,12.085567083006026,7.77000000000001,1.3300000000000018,75.29642537664506
bottleneck,tunnel-tcp4,rx,12.085567083006026,1.990000000000002,0.8200000000000003,23.250874209711267
preallocated,tunnel-udp3g,main,12.10634949998348,0.0,0.0,0.0
preallocated,tunnel-udp3g,tx,12.10634949998348,10.430000000000001,1.4900000000000002,98.46072922325816
preallocated,tunnel-udp3g,rx,12.10634949998348,0.0,0.0,0.0
preallocated,tunnel-tcp1,main,12.10161187502672,0.0,0.0,0.0
preallocated,tunnel-tcp1,tx,12.10161187502672,7.1,1.17,68.33800394033659
preallocated,tunnel-tcp1,rx,12.10161187502672,1.82,0.63,20.24523695935002
profile,tunnel-udp3g,main,12.105293332977453,0.0,0.0,0.0
profile,tunnel-udp3g,tx,12.105293332977453,10.39,1.53,98.46931976053257
profile,tunnel-udp3g,rx,12.105293332977453,0.0,0.0,0.0
profile,tunnel-tcp1,main,12.084381082997425,0.0,0.0,0.0
profile,tunnel-tcp1,tx,12.084381082997425,7.07,1.18,68.26994236061992
profile,tunnel-tcp1,rx,12.084381082997425,1.8,0.63,20.10860120440078
